C001	A113
C002	A029
C003	A015
C004	A001
C005	A022
C006	A016
C007	A121
C008	A021
C009	A020
C010	A019
C011	A034
C012	A017
C013	A018
C014	A043
C015	A041
C016	A035
C017	A036
C018	A037
C019	A038
C020	A039
C021	A040
C022	A072
C023	A004
C024	A027
C025	A028
C026	A125
C027	A011
C028	A081
C029	A002
C030	A049
C031	A026
C032	A062
C033	A114
C034	A032
C035	A024
C036	A124
C037	A012
C038	A082
C039	A003
C040	A070
C041	A063
C042	A083
C043	A115
C044	A054
C045	A064
C046	A023
C047	A084
C048	A116
C049	A050
C050	A065
C051	A047
C052	A085
C053	A053
C054	A117
C055	A051
C056	A052
C057	A066
C058	A007
C059	A006
C060	A073
C061	A086
C062	A087
C063	A088
C064	A056
C065	A013
C066	A089
C067	A057
C068	A090
C069	A091
C070	A092
C071	A093
C072	A094
C073	A048
C074	A095
C075	A008
C076	A074
C077	A096
C078	A058
C079	A097
C080	A059
C081	A098
C082	A118
C083	A060
C084	A044
C085	A099
C086	A100
C087	A101
C088	A102
C089	A080
C090	A103
C091	A061
C092	A079
C093	A075
C094	A104
C095	A105
C096	A106
C097	A107
C098	A108
C099	A033
C100	A109
C101	A110
C102	A111
C103	A014
C104	A009
C105	A010
C106	A046
C107	A045
C108	A076
C109	A067
C110	A119
C111	A112
C112	A068
C113	A071
C114	A025
C115	A069
C116	A055
C117	A123
C118	A120
C119	A005
C120	A077
C121	A122
C122	A078
C123	A042
C124	A031
C125	A030
E001	A209
E002	A205
E003	A206
E004	A211
E005	A201
E006	A210
E007	A203
E008	A213
E009	A207
E010	A202
E011	A204
E012	A212
E013	A208
